{
    "sensors": [
        {
            "type": "sensor.camera.rgb",
            "id": "front",
            "x": 2.0, "y": 0.0, "z": 2.0, "roll": 0.0, "pitch": 0.0, "yaw": 0.0,
            "width": 800,
            "height": 600,
            "fov": 100,
            "sensor_tick": 0.05
        },
        {
            "type": "sensor.camera.rgb",
            "id": "view",
            "x": -4.5, "y": 0.0, "z": 2.8, "roll": 0.0, "pitch": -20.0, "yaw": 0.0,
            "width": 800,
            "height": 600,
            "fov": 100,
            "sensor_tick": 0.05
        },
        {
            "type": "sensor.lidar.ray_cast",
            "id": "lidar1",
            "x": 0.0, "y": 0.0, "z": 2.4, "roll": 0.0, "pitch": 0.0, "yaw": 0.0,
            "range": 5000,
            "channels": 32,
            "points_per_second": 320000,
            "upper_fov": 2.0,
            "lower_fov": -26.8,
            "rotation_frequency": 20,
            "sensor_tick": 0.05
        },
        {
            "type": "sensor.other.gnss",
            "id": "gnss1",
            "x": 1.0, "y": 0.0, "z": 2.0
        },
        {
            "type": "sensor.other.collision",
            "id": "collision1",
            "x": 0.0, "y": 0.0, "z": 0.0
        },
        {
            "type": "sensor.other.lane_invasion",
            "id": "laneinvasion1",
            "x": 0.0, "y": 0.0, "z": 0.0
        }
    ]
}
